FantPos,Age,G,GS,PPR
RB,27,16,16,391.3
WR,24,17,17,403.2
QB,27,17,17,392.6
WR,29,16,16,376.4
QB,25,17,17,356.8
RB,31,15,15,267.7
WR,24,16,16,330.9
QB,30,17,17,342.8
WR,30,17,17,282.5
QB,26,16,16,331.2
TE,22,17,14,239.3
RB,24,17,17,282.4
RB,23,12,11,255.0
WR,22,17,17,298.5
WR,26,17,17,286.5
RB,29,17,17,246.7
RB,27,17,17,267.0
QB,25,17,17,319.1
RB,22,17,16,290.5
WR,26,17,17,289.6
WR,27,15,15,243.7
TE,30,16,16,203.2
WR,24,15,10,260.4
RB,24,17,17,267.9
WR,25,16,16,249.2
TE,34,15,15,219.4
WR,31,13,13,278.9
TE,26,15,11,219.0
WR,30,17,17,273.8
TE,27,16,16,201.2
QB,24,16,16,295.6
RB,26,14,14,207.2
WR,23,16,16,262.7
WR,31,17,17,265.4
RB,21,15,3,242.1
TE,29,17,15,230.3
RB,24,17,13,232.7
RB,21,17,16,246.3
WR,26,16,16,225.4
QB,29,17,17,289.1
TE,33,16,7,143.5
WR,29,15,15,227.0
RB,26,14,14,223.2
WR,29,17,17,229.9
WR,23,16,13,217.2
TE,24,17,17,181.1
WR,21,17,14,221.3
TE,24,17,16,177.1
WR,31,17,16,223.6
QB,28,16,16,280.2
WR,27,16,16,218.6
RB,28,13,13,201.5
RB,28,17,9,187.0
WR,25,16,16,227.6
WR,22,17,16,208.8
TE,24,17,12,181.5
WR,23,16,11,231.3
QB,22,15,15,276.0
RB,23,15,15,199.4
QB,28,17,17,274.1
RB,24,14,13,213.9
WR,26,16,15,250.2
RB,26,17,17,222.6
RB,24,17,12,211.2
RB,25,17,17,195.5
QB,25,17,17,270.4
TE,27,15,8,150.5
TE,28,10,9,135.4
RB,22,11,4,190.7
WR,24,10,9,202.2
RB,24,15,15,198.1
WR,23,16,8,212.5
RB,24,16,15,199.3
WR,28,16,14,190.2
WR,28,17,17,209.2
QB,24,16,16,262.5
QB,23,17,17,257.5
QB,35,15,15,256.9
QB,35,15,15,243.1
QB,32,17,17,241.1
QB,25,13,13,234.2
QB,24,13,13,230.2
QB,33,15,15,227.3
QB,28,13,12,200.7
QB,27,17,13,196.2
QB,24,15,13,177.1
RB,28,13,12,233.0
QB,22,16,16,156.4
QB,35,8,8,149.7
QB,27,10,10,147.2
QB,26,8,8,146.4
RB,24,17,12,182.5
RB,25,13,13,181.1
QB,27,9,7,144.4
RB,26,14,8,169.6
RB,26,17,10,167.3
RB,24,10,7,156.4
RB,25,17,0,196.4
RB,28,14,14,185.4
RB,23,16,13,179.2
WR,23,16,16,206.4
WR,33,17,17,231.0
WR,25,14,14,198.6
WR,27,17,17,209.2
QB,25,11,10,125.8
RB,28,17,5,174.5
WR,31,17,17,202.4
RB,23,17,3,137.6
QB,24,12,11,119.9
WR,30,16,15,173.2
WR,24,11,8,165.0
WR,23,17,17,213.2
WR,24,17,17,161.4
WR,23,17,16,174.4
QB,25,12,12,110.2
WR,25,15,8,155.6
RB,25,12,12,145.7
QB,25,11,11,106.4
RB,29,11,11,134.9
WR,30,12,12,164.4
WR,22,16,16,174.4
RB,28,15,2,118.5
RB,25,16,13,133.2
WR,27,13,11,152.7
QB,24,9,9,102.0
RB,22,17,1,153.8
QB,38,5,5,100.8
WR,26,17,13,151.0
RB,25,15,6,117.6
WR,24,12,11,137.6
WR,27,16,13,157.2
QB,25,9,6,93.5
RB,25,12,9,112.5
WR,27,12,12,150.3
WR,22,17,9,157.1
WR,28,17,13,128.8
WR,24,16,11,141.8
WR,21,17,3,149.8
QB,34,11,5,87.3
QB,28,6,6,86.8
WR,26,14,14,134.7
TE,23,17,15,137.3
WR,27,15,11,115.5
RB,26,16,5,109.3
WR,22,15,6,119.8
RB,25,17,4,101.0
RB,27,9,8,91.2
QB,35,10,8,80.0
RB,25,16,2,127.4
WR,29,17,13,144.8
TE,29,14,10,119.9
TE,28,14,14,136.3
TE,24,16,11,150.3
WR,23,13,12,114.5
WR,23,17,16,124.8
RB,25,16,0,91.5
RB,23,17,3,106.0
WR,23,17,10,113.1
TE,28,17,6,124.2
WR,24,16,14,112.4
WR,31,14,6,107.5
RB,22,16,2,106.1
WR,23,17,12,132.1
QB,21,4,4,72.7
WR,22,15,8,133.2
WR,24,9,9,101.3
WR,26,16,12,120.0
TE,32,16,15,126.8
TE,23,17,8,101.1
RB,28,17,1,121.3
TE,24,17,17,116.5
RB,23,14,7,82.7
WR,27,10,7,101.6
WR,24,10,6,106.7
QB,24,10,6,69.2
RB,22,15,0,102.1
QB,28,5,4,67.6
RB,24,16,2,97.4
QB,28,5,3,66.7
QB,30,5,4,66.0
RB,33,16,4,82.9
WR,23,17,8,105.0
QB,32,7,6,64.1
WR,28,8,5,100.0
WR,23,17,16,95.4
WR,30,17,3,97.1
TE,28,17,12,123.1
TE,30,15,15,108.5
WR,29,17,3,97.4
WR,28,16,8,89.0
TE,27,13,11,97.8
RB,21,8,2,69.9
WR,29,16,4,87.4
RB,26,16,5,87.6
TE,31,12,11,113.2
TE,29,15,12,111.1
RB,31,12,0,84.4
TE,24,17,11,113.4
RB,24,17,4,73.9
WR,23,14,7,107.2
QB,26,6,6,57.0
WR,22,17,8,95.7
WR,26,14,9,85.0
WR,22,17,10,94.0
WR,22,12,10,80.3
WR,27,17,13,87.8
WR,25,13,2,73.4
RB,26,17,3,61.7
QB,23,5,4,53.3
RB,24,15,3,70.1
TE,26,14,8,79.5
WR,22,16,1,71.8
RB,24,14,2,73.3
WR,30,10,7,89.8
WR,21,16,7,70.7
WR,24,10,3,60.6
QB,29,5,2,48.7
WR,31,14,11,89.3
TE,23,17,8,78.5
WR,26,15,14,78.9
WR,27,16,0,59.7
WR,28,15,3,69.6
WR,30,17,5,68.3
WR,24,16,12,76.5
RB,27,14,0,46.2
TE,25,12,9,76.8
WR,28,9,7,78.1
TE,22,14,12,71.4
TE,25,15,7,73.0
TE,24,17,10,70.6
RB,28,13,4,60.8
RB,24,17,0,44.7
WR,22,15,14,84.8
RB,25,11,1,47.5
WR,25,16,4,64.5
TE,26,17,17,73.4
TE,29,12,1,80.2
TE,23,11,9,75.2
RB,23,12,0,53.5
QB,28,4,3,39.6
WR,25,17,9,60.0
WR,30,13,13,72.4
WR,25,17,0,56.9
WR,22,17,3,58.7
WR,28,16,5,62.6
WR,28,17,2,67.1
RB,25,17,1,42.8
TE,26,17,12,60.4
WR,22,17,7,60.3
WR,28,14,12,60.1
TE,24,17,1,61.7
TE,28,16,14,71.6
WR,24,17,6,58.8
TE,23,16,8,60.4
RB,24,7,1,46.7
TE,30,17,7,49.1
WR,24,17,1,52.7
TE,28,17,10,65.4
WR,24,16,1,50.6
RB,23,13,0,37.9
WR,29,16,10,56.5
WR,23,15,3,48.7
RB,24,15,0,58.8
RB,26,4,4,43.5
WR,25,17,8,47.2
TE,23,14,6,50.9
WR,26,13,2,51.5
TE,27,12,11,54.6
RB,21,8,0,43.3
WR,23,14,8,53.7
WR,27,11,7,61.0
WR,28,16,1,57.9
TE,26,17,14,53.3
WR,29,3,3,50.2
RB,28,17,4,46.9
WR,24,5,1,45.9
WR,31,8,3,45.2
QB,27,4,2,29.1
FB,27,15,12,38.8
TE,37,13,2,33.9
WR,26,17,0,39.1
RB,32,14,0,36.9
WR,30,17,17,62.0
TE,27,17,10,50.3
WR,26,17,1,38.4
RB,25,8,0,42.9
TE,25,12,9,35.7
QB,32,5,3,27.0
QB,27,3,2,26.6
RB,28,10,0,41.3
WR,28,11,1,40.3
TE,23,17,13,50.5
RB,27,13,0,39.7
QB,25,5,1,25.6
WR,24,13,2,53.0
QB,31,2,1,26.1
WR,23,17,0,30.8
TE,29,17,11,37.8
TE,25,17,9,37.9
RB,28,15,1,40.2
TE,33,7,7,51.7
WR,26,16,1,40.0
WR,30,13,3,43.1
RB,27,17,0,34.8
RB,26,10,0,32.4
WR,34,11,4,36.4
RB,26,7,1,32.2
FB,32,17,16,38.5
TE,26,15,10,46.3
RB,27,17,0,29.6
WR,24,17,0,32.5
WR,23,11,9,39.9
QB,36,3,1,23.6
TE,30,9,8,42.4
WR,28,17,3,48.5
QB,31,3,0,22.9
WR,24,17,1,35.0
QB,26,10,1,23.4
TE,27,16,14,40.2
RB,25,7,0,30.0
WR,28,17,4,37.2
TE,29,17,9,48.4
TE,29,17,0,40.2
WR,23,14,3,44.2
WR,21,9,1,39.2
RB,30,17,0,41.0
RB,22,17,0,22.8
TE,23,11,2,36.3
WR,24,11,1,28.5
TE,25,16,3,32.5
QB,24,8,3,22.1
QB,30,7,1,21.5
WR,23,17,2,35.7
WR,27,17,9,41.3
TE,24,12,2,38.7
WR,30,17,0,35.9
QB,28,6,2,20.0
WR,25,9,5,35.2
WR,30,9,0,22.6
RB,28,2,2,23.1
WR,23,13,1,33.5
TE,25,17,0,26.5
WR,22,17,4,35.9
RB,25,11,0,30.0
WR,29,10,1,27.1
RB,23,4,0,21.3
QB,25,6,0,17.8
WR,24,17,1,34.9
RB,30,4,0,19.7
RB,26,6,0,19.0
TE,24,17,7,39.7
WR,27,12,1,28.5
TE,31,17,8,26.0
RB,24,14,0,20.3
TE,22,15,1,25.5
TE,26,17,8,28.5
TE,25,7,2,23.5
WR,23,16,0,32.2
WR,24,15,6,28.5
WR,24,9,0,31.1
TE,25,12,6,33.5
TE,26,17,4,34.1
WR,26,8,3,24.9
TE,24,15,3,21.7
WR,28,7,0,20.4
RB,24,9,1,20.1
TE,23,15,6,31.1
WR,27,17,1,25.6
TE,24,11,3,24.4
TE,25,14,4,28.1
WR,25,12,2,21.7
QB,30,1,1,13.9
WR,23,16,0,21.9
WR,25,11,0,20.7
WR,23,9,4,32.9
WR,30,17,1,28.1
WR,26,17,0,21.5
WR,23,9,3,27.2
TE,31,17,4,28.2
RB,22,9,0,19.0
TE,27,11,0,24.5
WR,26,15,3,22.5
WR,24,7,5,16.6
WR,33,11,1,16.9
RB,23,6,1,18.1
FB,27,17,13,24.9
QB,30,3,0,11.8