FantPos,PPR,Year
RB,24.5,2023
WR,23.7,2023
QB,23.1,2023
WR,23.5,2023
QB,21,2023
RB,17.8,2023
WR,20.7,2023
QB,20.2,2023
WR,16.6,2023
QB,20.7,2023
TE,14.1,2023
RB,16.6,2023
RB,21.3,2023
WR,17.6,2023
WR,16.9,2023
RB,14.5,2023
RB,15.7,2023
QB,18.8,2023
RB,17.1,2023
WR,17,2023
WR,16.2,2023
TE,12.7,2023
WR,17.4,2023
RB,15.8,2023
WR,15.6,2023
TE,14.6,2023
WR,21.5,2023
TE,14.6,2023
WR,16.1,2023
TE,12.6,2023
QB,18.5,2023
RB,14.8,2023
WR,16.4,2023
WR,15.6,2023
RB,16.1,2023
TE,13.5,2023
RB,13.7,2023
RB,14.5,2023
WR,14.1,2023
QB,17,2023
TE,8.97,2023
WR,15.1,2023
RB,15.9,2023
WR,13.5,2023
WR,13.6,2023
TE,10.7,2023
WR,13,2023
TE,10.4,2023
WR,13.2,2023
QB,17.5,2023
WR,13.7,2023
RB,15.5,2023
RB,11,2023
WR,14.2,2023
WR,12.3,2023
TE,10.7,2023
WR,14.5,2023
QB,18.4,2023
RB,13.3,2023
QB,16.1,2023
RB,15.3,2023
WR,15.6,2023
RB,13.1,2023
RB,12.4,2023
RB,11.5,2023
QB,15.9,2023
TE,10,2023
TE,13.5,2023
RB,17.3,2023
WR,20.2,2023
RB,13.2,2023
WR,13.3,2023
RB,12.5,2023
WR,11.9,2023
WR,12.3,2023
QB,16.4,2023
QB,15.1,2023
QB,17.1,2023
QB,16.2,2023
QB,14.2,2023
QB,18,2023
QB,17.7,2023
QB,15.2,2023
QB,15.4,2023
QB,11.5,2023
QB,11.8,2023
RB,17.9,2023
QB,9.78,2023
QB,18.7,2023
QB,14.7,2023
QB,18.3,2023
RB,10.7,2023
RB,13.9,2023
QB,16,2023
RB,12.1,2023
RB,9.84,2023
RB,15.6,2023
RB,11.6,2023
RB,13.2,2023
RB,11.2,2023
WR,12.9,2023
WR,13.6,2023
WR,14.2,2023
WR,12.3,2023
QB,11.4,2023
RB,10.3,2023
WR,11.9,2023
RB,8.09,2023
QB,9.99,2023
WR,10.8,2023
WR,15,2023
WR,12.5,2023
WR,9.49,2023
WR,10.3,2023
QB,9.18,2023
WR,10.4,2023
RB,12.1,2023
QB,9.67,2023
RB,12.3,2023
WR,13.7,2023
WR,10.9,2023
RB,7.9,2023
RB,8.32,2023
WR,11.7,2023
QB,11.3,2023
RB,9.05,2023
QB,20.2,2023
WR,8.88,2023
RB,7.84,2023
WR,11.5,2023
WR,9.82,2023
QB,10.4,2023
RB,9.38,2023
WR,12.5,2023
WR,9.24,2023
WR,7.58,2023
WR,8.86,2023
WR,8.81,2023
QB,7.94,2023
QB,14.5,2023
WR,9.62,2023
TE,8.08,2023
WR,7.7,2023
RB,6.83,2023
WR,7.99,2023
RB,5.94,2023
RB,10.1,2023
QB,8,2023
RB,7.96,2023
WR,8.52,2023
TE,8.56,2023
TE,9.74,2023
TE,9.39,2023
WR,8.81,2023
WR,7.34,2023
RB,5.72,2023
RB,6.24,2023
WR,6.65,2023
TE,7.31,2023
WR,7.03,2023
WR,7.68,2023
RB,6.63,2023
WR,7.77,2023
QB,18.2,2023
WR,8.88,2023
WR,11.3,2023
WR,7.5,2023
TE,7.92,2023
TE,5.95,2023
RB,7.14,2023
TE,6.85,2023
RB,5.91,2023
WR,10.2,2023
WR,10.7,2023
QB,6.92,2023
RB,6.81,2023
QB,13.5,2023
RB,6.09,2023
QB,13.3,2023
QB,13.2,2023
QB,24.6,2022
RB,19.3,2022
RB,21,2022
RB,18.9,2022
WR,21.7,2022
RB,21.9,2022
QB,24.7,2022
WR,19.7,2022
TE,18.6,2022
RB,16.6,2022
WR,20.4,2022
QB,25.2,2022
WR,17.6,2022
WR,19.8,2022
RB,17.8,2022
WR,17.7,2022
QB,21.9,2022
RB,13.3,2022
WR,15.2,2022
RB,15.6,2022
RB,14,2022
RB,12.7,2022
TE,13.4,2022
WR,14.5,2022
TE,9.11,2022
RB,14.6,2022
WR,16.7,2022
WR,15,2022
TE,12.7,2022
WR,14.2,2022
RB,13.1,2022
WR,20.2,2022
RB,14.7,2022
RB,17.1,2022
WR,14.8,2022
WR,13.5,2022
RB,13.5,2022
WR,13.4,2022
WR,15,2022
QB,17.9,2022
WR,13.8,2022
TE,12.7,2022
RB,12.1,2022
RB,12.4,2022
QB,17.4,2022
QB,19.7,2022
WR,13.3,2022
WR,13.6,2022
WR,11.7,2022
QB,17.2,2022
TE,10.4,2022
WR,12.7,2022
QB,18.1,2022
RB,14.1,2022
RB,15.4,2022
RB,14.1,2022
QB,16.7,2022
WR,22.4,2022
WR,13.2,2022
TE,8.66,2022
WR,11.4,2022
WR,11.7,2022
QB,16.5,2022
TE,8.43,2022
WR,14.9,2022
RB,11.1,2022
RB,13.7,2022
RB,9.96,2022
WR,13.5,2022
WR,12.4,2022
TE,9.05,2022
TE,11.8,2022
QB,16,2022
QB,14.1,2022
QB,19.7,2022
QB,17.8,2022
QB,15.1,2022
QB,14.6,2022
QB,18.2,2022
QB,16.6,2022
QB,15.1,2022
QB,12.1,2022
QB,12.4,2022
QB,12.2,2022
QB,10.5,2022
QB,15,2022
QB,13.4,2022
QB,12.9,2022
QB,11.5,2022
RB,9.86,2022
RB,11.5,2022
RB,11.1,2022
RB,10.5,2022
RB,9.91,2022
RB,12.8,2022
RB,11.9,2022
RB,9.42,2022
RB,11.9,2022
RB,7.71,2022
RB,7.94,2022
QB,10.1,2022
RB,11.1,2022
RB,13.3,2022
QB,12.9,2022
WR,11.7,2022
WR,9.79,2022
WR,13.6,2022
WR,12.9,2022
QB,14.1,2022
WR,10.4,2022
WR,13,2022
WR,10.6,2022
WR,10.4,2022
RB,9.06,2022
QB,12,2022
WR,10.5,2022
WR,11.6,2022
WR,9.83,2022
QB,11.8,2022
RB,8.88,2022
RB,9.39,2022
WR,16.4,2022
QB,11,2022
WR,9.07,2022
WR,10.6,2022
WR,10.9,2022
RB,16.4,2022
WR,9.15,2022
WR,10.6,2022
WR,10.6,2022
RB,7.46,2022
WR,13,2022
WR,11.2,2022
RB,8.18,2022
WR,16.9,2022
RB,8.67,2022
WR,8.77,2022
QB,14.4,2022
TE,9.51,2022
QB,14.3,2022
RB,7.88,2022
RB,6.61,2022
TE,9.26,2022
TE,10.1,2022
TE,8.72,2022
WR,8.03,2022
RB,9.83,2022
TE,7.77,2022
TE,8.94,2022
WR,7.2,2022
WR,8.29,2022
WR,7.99,2022
RB,8.05,2022
WR,7.79,2022
TE,7.74,2022
RB,10.2,2022
RB,8.26,2022
RB,5.85,2022
QB,10.6,2022
TE,7.21,2022
WR,9.51,2022
RB,5.2,2022
WR,8.38,2022
WR,7.16,2022
WR,7.92,2022
WR,7.31,2022
WR,7.02,2022
WR,6.47,2022
TE,11.6,2022
WR,11.7,2022
WR,6.84,2022
WR,8.93,2022
WR,7.19,2022
WR,6.61,2022
WR,7.51,2022
WR,7.53,2022
TE,5.78,2022
WR,7.42,2022
RB,5.97,2022
RB,5.17,2022
RB,21.9,2021
WR,25.9,2021
WR,21.2,2021
QB,23.7,2021
RB,21.5,2021
QB,22.4,2021
QB,22,2021
WR,17.9,2021
TE,17.7,2021
WR,19.4,2021
RB,18,2021
WR,21.5,2021
QB,21.3,2021
RB,17.7,2021
TE,16.4,2021
RB,17.2,2021
WR,16.4,2021
QB,20.8,2021
WR,17.4,2021
QB,19.4,2021
WR,16.8,2021
RB,14.8,2021
QB,20,2021
RB,15.4,2021
WR,15.4,2021
WR,14.4,2021
WR,15.1,2021
QB,19.6,2021
RB,14,2021
WR,17.1,2021
QB,20.8,2021
RB,18.1,2021
RB,14.3,2021
RB,18.3,2021
TE,12.3,2021
RB,14.7,2021
TE,14.1,2021
WR,15.2,2021
QB,21.5,2021
QB,18.8,2021
WR,14.6,2021
RB,15.3,2021
RB,24.2,2021
WR,16.1,2021
WR,14,2021
RB,15.9,2021
RB,15.1,2021
TE,10.1,2021
TE,14.3,2021
WR,15.7,2021
WR,14,2021
TE,10.9,2021
WR,17.3,2021
TE,9.66,2021
RB,12.2,2021
WR,15.4,2021
WR,14.5,2021
WR,12.9,2021
TE,10.4,2021
TE,11,2021
RB,12.1,2021
WR,13.4,2021
WR,12.6,2021
TE,10.6,2021
WR,14.1,2021
WR,13.5,2021
RB,11.6,2021
WR,15.4,2021
WR,12.2,2021
RB,15,2021
RB,10.9,2021
WR,10.6,2021
RB,11.5,2021
RB,16.1,2021
QB,15.8,2021
QB,15.2,2021
QB,15.1,2021
QB,17.3,2021
QB,20,2021
QB,15.2,2021
QB,13.2,2021
QB,13.1,2021
QB,13.9,2021
QB,13.6,2021
QB,14.5,2021
QB,11.7,2021
QB,13.9,2021
QB,12.9,2021
QB,13.9,2021
QB,15.2,2021
QB,13.1,2021
QB,12.1,2021
QB,11.7,2021
RB,15,2021
RB,12.4,2021
RB,13.6,2021
QB,10.6,2021
RB,10.2,2021
RB,8.61,2021
RB,10.8,2021
WR,10.9,2021
WR,13.9,2021
RB,11,2021
WR,9.89,2021
WR,11.5,2021
QB,16.8,2021
RB,12.2,2021
WR,10,2021
RB,9.16,2021
RB,8.09,2021
WR,9.32,2021
RB,11.4,2021
WR,11.1,2021
WR,10.6,2021
WR,8.93,2021
WR,14.7,2021
RB,9.01,2021
WR,9.8,2021
WR,9.5,2021
WR,11,2021
WR,9.78,2021
WR,9.24,2021
RB,9.58,2021
RB,11.9,2021
RB,11.8,2021
WR,11.6,2021
WR,12.6,2021
RB,8.13,2021
RB,7.87,2021
RB,7.4,2021
RB,9.22,2021
TE,9.48,2021
TE,9.71,2021
WR,8.84,2021
WR,15.2,2021
WR,7.87,2021
TE,9.94,2021
RB,18.2,2021
RB,9.77,2021
RB,7.71,2021
WR,9.41,2021
QB,15,2021
RB,13.8,2021
WR,8.15,2021
TE,9.8,2021
QB,10.8,2021
RB,6.16,2021
WR,9.22,2021
RB,10.4,2021
RB,6.12,2021
RB,11.6,2021
WR,7.46,2021
TE,8.28,2021
QB,10.5,2021
TE,12.1,2021
WR,8.28,2021
RB,7.3,2021
QB,11.8,2021
RB,7.31,2021
WR,8.29,2021
RB,7.76,2021
RB,8.09,2021
QB,13.6,2021
WR,11.1,2021
WR,17.3,2021
RB,6.52,2021
TE,8.02,2021
TE,12.1,2021
WR,9.96,2021
TE,8.14,2021
WR,8.7,2021
WR,7.84,2021
WR,7.57,2021
WR,6.82,2021
RB,8.54,2021
RB,6.62,2021
WR,6.82,2021
QB,6.57,2021
TE,6.72,2021
WR,11.7,2021
RB,20.8,2020
RB,25.2,2020
RB,24.1,2020
WR,25.6,2020
TE,20.9,2020
WR,21.9,2020
QB,24.8,2020
QB,24,2020
QB,23.7,2020
QB,25,2020
QB,23.1,2020
RB,16.9,2020
RB,18.5,2020
RB,17.7,2020
TE,17.4,2020
QB,22.5,2020
WR,20.5,2020
RB,17.9,2020
RB,15.4,2020
WR,18.8,2020
RB,17.3,2020
WR,17,2020
QB,21.5,2020
WR,17.1,2020
TE,9.79,2020
QB,21.1,2020
WR,16.9,2020
WR,15.5,2020
WR,17.7,2020
QB,22.2,2020
QB,22.2,2020
RB,13.7,2020
WR,18,2020
RB,14.9,2020
WR,16.6,2020
RB,12.8,2020
RB,14.4,2020
RB,13.2,2020
WR,16.4,2020
TE,11,2020
WR,15.3,2020
RB,13.3,2020
WR,13.4,2020
WR,14.2,2020
WR,15.5,2020
QB,19.1,2020
TE,12.2,2020
RB,15.7,2020
RB,11.2,2020
WR,14.1,2020
WR,17.5,2020
WR,14.8,2020
TE,11,2020
RB,13.8,2020
WR,13.6,2020
RB,15,2020
TE,10.6,2020
RB,14.6,2020
TE,11,2020
TE,9.33,2020
RB,14.2,2020
WR,11.6,2020
WR,14.6,2020
RB,13.5,2020
WR,14.9,2020
WR,17.2,2020
WR,14.1,2020
TE,9.35,2020
RB,10.9,2020
WR,14.8,2020
WR,14,2020
TE,8.97,2020
TE,9.32,2020
WR,12.2,2020
QB,17.6,2020
QB,17,2020
QB,17.8,2020
QB,16.3,2020
QB,17.4,2020
QB,15.5,2020
QB,16.1,2020
QB,16,2020
QB,15,2020
QB,17.5,2020
QB,16.5,2020
QB,13.9,2020
QB,12.9,2020
QB,17.4,2020
QB,17.9,2020
QB,15.4,2020
QB,17.1,2020
QB,12.4,2020
QB,27.1,2020
QB,13.6,2020
QB,11.2,2020
RB,12.7,2020
RB,12.1,2020
RB,11.9,2020
WR,13.8,2020
WR,13.7,2020
WR,15.9,2020
WR,15.4,2020
WR,11.4,2020
RB,16.4,2020
RB,8.01,2020
WR,13.9,2020
RB,9.11,2020
WR,12.5,2020
QB,11.6,2020
RB,10.5,2020
WR,12.8,2020
WR,10.8,2020
RB,8.69,2020
WR,14.3,2020
RB,9.08,2020
RB,7.78,2020
RB,9.88,2020
RB,16.5,2020
RB,12,2020
WR,10.7,2020
WR,11.3,2020
WR,10.9,2020
QB,7.27,2020
WR,9.85,2020
RB,8.97,2020
WR,10.2,2020
QB,11.6,2020
WR,11.8,2020
WR,8.58,2020
WR,11.9,2020
WR,8.56,2020
WR,11.8,2020
WR,9.71,2020
WR,11.2,2020
WR,10.5,2020
WR,13.5,2020
RB,10.2,2020
RB,9.08,2020
WR,16.2,2020
RB,7.89,2020
WR,8.56,2020
RB,7.55,2020
RB,7.83,2020
WR,9.51,2020
WR,8.81,2020
TE,8.49,2020
RB,7.82,2020
TE,9.95,2020
WR,8.01,2020
RB,6.82,2020
TE,9.45,2020
RB,9.13,2020
TE,10.4,2020
RB,6.68,2020
TE,8.55,2020
WR,9.3,2020
WR,10.2,2020
WR,7.42,2020
RB,12.5,2020
TE,9.16,2020
RB,10.8,2020
WR,8.65,2020
WR,8.32,2020
RB,16.6,2020
TE,8.81,2020
WR,8.92,2020
TE,15.6,2020
WR,8.22,2020
RB,6.68,2020
RB,30.1,2020
WR,14.6,2020
WR,7.77,2020
QB,8.95,2020
RB,5.97,2020
TE,10.6,2020
RB,5.96,2020
WR,6.22,2020
WR,6.41,2020
RB,5.36,2020
WR,6.07,2020
RB,29.4,2019
QB,27.7,2019
RB,19.6,2019
RB,19.7,2019
RB,19.5,2019
RB,20.9,2019
WR,23.4,2019
TE,15.9,2019
RB,15.9,2019
RB,16.2,2019
RB,19.3,2019
QB,21.1,2019
TE,13.8,2019
QB,20.5,2019
WR,19.7,2019
TE,15.9,2019
QB,21.4,2019
RB,15.5,2019
WR,15.5,2019
TE,13.8,2019
RB,18.8,2019
TE,14.4,2019
RB,14.1,2019
RB,14.6,2019
TE,12,2019
WR,16.9,2019
WR,18.3,2019
WR,15.4,2019
RB,17.3,2019
QB,19.1,2019
TE,14.7,2019
WR,15.4,2019
WR,17.9,2019
WR,13.6,2019
WR,17.9,2019
RB,14.7,2019
RB,13.7,2019
WR,16.3,2019
WR,15.9,2019
RB,17.8,2019
RB,13,2019
WR,16,2019
QB,18,2019
WR,14.8,2019
RB,15.3,2019
WR,14.7,2019
WR,15.1,2019
QB,20.5,2019
QB,17.8,2019
RB,12.4,2019
WR,13.9,2019
WR,14.1,2019
WR,14.7,2019
WR,15.2,2019
TE,12.5,2019
QB,17.4,2019
TE,10.7,2019
WR,15.4,2019
WR,15.5,2019
QB,17.2,2019
RB,10.3,2019
TE,9.65,2019
RB,14.3,2019
TE,8.5,2019
TE,6.39,2019
RB,10.7,2019
WR,15.2,2019
WR,13.7,2019
QB,17.8,2019
WR,13.9,2019
RB,9.57,2019
WR,14.9,2019
WR,12.6,2019
WR,15.7,2019
WR,17.7,2019
QB,16.5,2019
QB,15.5,2019
QB,15.5,2019
QB,15.3,2019
QB,16.3,2019
QB,16.1,2019
QB,14.7,2019
QB,14.3,2019
QB,16.4,2019
QB,20.4,2019
QB,18.7,2019
QB,14.5,2019
QB,16.5,2019
QB,15.7,2019
QB,13.5,2019
QB,14.6,2019
QB,13.7,2019
QB,20.8,2019
RB,9.54,2019
RB,14.1,2019
RB,15.1,2019
RB,10.4,2019
RB,9.8,2019
WR,11.7,2019
RB,13.3,2019
WR,12.6,2019
WR,11.2,2019
RB,9.82,2019
WR,12.1,2019
WR,12.4,2019
RB,12.3,2019
WR,12.3,2019
WR,10.7,2019
RB,9.67,2019
RB,14.6,2019
WR,10.8,2019
RB,12.8,2019
WR,10.1,2019
WR,9.78,2019
RB,9.63,2019
QB,10.9,2019
RB,10.5,2019
RB,10.9,2019
WR,10.2,2019
QB,10.3,2019
WR,13.8,2019
WR,11.1,2019
WR,9.86,2019
RB,7.28,2019
RB,11.1,2019
WR,10.2,2019
WR,10.5,2019
WR,10.3,2019
WR,12.9,2019
RB,8.89,2019
WR,7.47,2019
WR,8.46,2019
RB,9.12,2019
WR,10.4,2019
QB,10.1,2019
WR,8.9,2019
WR,9.89,2019
RB,5.79,2019
RB,7.62,2019
RB,10.2,2019
QB,10.6,2019
WR,12.2,2019
QB,12.1,2019
WR,10.3,2019
WR,14.2,2019
RB,7.95,2019
WR,11.4,2019
RB,5.93,2019
WR,12.5,2019
WR,9.24,2019
WR,9.37,2019
WR,12.2,2019
QB,8.52,2019
TE,8.74,2019
WR,8.39,2019
TE,6.88,2019
WR,7.97,2019
WR,6.84,2019
RB,10.6,2019
TE,7.11,2019
RB,7.78,2019
RB,7.37,2019
RB,5.95,2019
RB,8.81,2019
WR,7.67,2019
WR,7.2,2019
TE,8.84,2019
RB,6.37,2019
TE,6.94,2019
WR,9.43,2019
TE,6.54,2019
TE,6.99,2019
WR,6.31,2019
WR,6.11,2019
WR,6.42,2019
QB,13.6,2019
RB,7.53,2019
WR,11.9,2019
TE,13.7,2019
WR,8.27,2019
RB,23.8,2024
QB,24.7,2024
RB,19.6,2024
WR,22.7,2024
RB,18.2,2024
RB,17.6,2024
QB,20.1,2024
QB,21.6,2024
QB,21.5,2024
RB,21.2,2024
QB,21,2024
RB,16.5,2024
WR,17.4,2024
WR,15.6,2024
RB,19.6,2024
RB,18.9,2024
RB,16.6,2024
QB,20,2024
WR,16.9,2024
TE,16.5,2024
TE,16.3,2024
RB,17.1,2024
WR,12.9,2024
QB,17.5,2024
RB,17.6,2024
WR,13.8,2024
WR,16.5,2024
QB,17.2,2024
WR,13.9,2024
WR,15.4,2024
WR,13.4,2024
TE,10.3,2024
RB,15,2024
TE,10.3,2024
WR,15,2024
WR,13.7,2024
TE,14.8,2024
TE,12.2,2024
RB,15.8,2024
WR,19.5,2024
WR,15.1,2024
WR,13.6,2024
RB,14.3,2024
RB,14.8,2024
WR,16.4,2024
QB,17.2,2024
RB,15.1,2024
WR,12.8,2024
WR,13.7,2024
QB,17.1,2024
RB,14.2,2024
WR,11.8,2024
WR,12.7,2024
WR,13,2024
RB,14.2,2024
TE,12.8,2024
QB,17,2024
RB,13.9,2024
TE,10,2024
RB,13.4,2024
RB,16.7,2024
WR,9.5,2024
WR,14.8,2024
WR,12.4,2024
TE,9.21,2024
TE,12.4,2024
RB,14.2,2024
WR,11.3,2024
WR,16.7,2024
WR,14.2,2024
TE,10.5,2024
RB,13.6,2024
WR,12.6,2024
WR,14,2024
QB,16,2024
QB,15.9,2024
QB,17.2,2024
QB,17.1,2024
QB,15.3,2024
QB,13.9,2024
QB,14.2,2024
QB,14.2,2024
QB,13.3,2024
QB,14.5,2024
QB,17.7,2024
QB,15.4,2024
QB,13.5,2024
QB,14.7,2024
QB,14.3,2024
RB,13.4,2024
RB,12.8,2024
QB,13.1,2024
QB,14.6,2024
QB,11.6,2024
QB,11.7,2024
RB,13.2,2024
RB,9.58,2024
QB,17.3,2024
RB,13.5,2024
RB,12.1,2024
RB,10.3,2024
QB,9.63,2024
RB,11.6,2024
RB,9.88,2024
QB,10,2024
WR,19.7,2024
WR,18.2,2024
WR,9.42,2024
WR,18.4,2024
WR,13.8,2024
WR,9.44,2024
WR,8.71,2024
WR,14.3,2024
RB,7.91,2024
RB,9.33,2024
RB,10.8,2024
WR,9.55,2024
QB,11,2024
WR,13,2024
WR,15.2,2024
WR,12.3,2024
WR,9.97,2024
WR,11.8,2024
RB,7.04,2024
WR,9.57,2024
WR,13.6,2024
WR,9.72,2024
WR,14.5,2024
WR,9.91,2024
WR,9.34,2024
QB,11.5,2024
RB,8.18,2024
WR,15.8,2024
WR,9.01,2024
WR,7.52,2024
TE,13,2024
WR,7.87,2024
TE,9.62,2024
TE,8.53,2024
WR,9.42,2024
WR,8.54,2024
RB,6.23,2024
TE,8.9,2024
WR,8.43,2024
TE,8.77,2024
WR,8.67,2024
WR,9.3,2024
WR,8.57,2024
TE,7.69,2024
WR,6.99,2024
WR,9.43,2024
TE,7.78,2024
WR,13.3,2024
QB,9.83,2024
RB,8.35,2024
RB,6.34,2024
RB,10.2,2024
WR,10.1,2024
RB,7.48,2024
RB,5.62,2024
WR,7.88,2024
WR,9.06,2024
WR,8.36,2024
WR,8.5,2024
RB,5.72,2024
TE,10.5,2024
WR,6.78,2024
RB,8.16,2024
WR,7.81,2024
WR,6.05,2024
QB,6.91,2024
WR,8.07,2024
RB,7.99,2024
TE,7.72,2024
WR,6.05,2024
RB,5.31,2024
RB,5.05,2024
WR,7.85,2024
RB,9.4,2024
WR,8.4,2024
RB,26.6,2018
RB,24.1,2018
RB,24.1,2018
RB,23.6,2018
QB,26.1,2018
WR,20.9,2018
RB,21.9,2018
TE,18.4,2018
WR,21.6,2018
WR,22,2018
WR,20.8,2018
WR,20.4,2018
RB,23,2018
RB,21.5,2018
WR,18.1,2018
TE,16.2,2018
TE,17.5,2018
WR,19.2,2018
WR,19.7,2018
TE,13.9,2018
RB,20.9,2018
QB,22.2,2018
WR,18.6,2018
RB,17.4,2018
RB,15.4,2018
WR,16.6,2018
QB,21.4,2018
RB,17.3,2018
RB,14.9,2018
RB,12.6,2018
QB,20.7,2018
RB,14.4,2018
WR,13.9,2018
WR,17.8,2018
WR,16.3,2018
WR,17.1,2018
WR,15.2,2018
QB,20.5,2018
TE,12.1,2018
RB,12.2,2018
RB,11.8,2018
WR,19.2,2018
RB,14.6,2018
QB,19.5,2018
RB,12.1,2018
RB,14.8,2018
WR,15.8,2018
QB,19.4,2018
RB,11.3,2018
WR,12.9,2018
WR,14.4,2018
QB,20.3,2018
RB,12.9,2018
WR,11.3,2018
WR,13.8,2018
WR,13.6,2018
WR,17.3,2018
QB,18.7,2018
RB,12.3,2018
RB,14.3,2018
WR,16.5,2018
WR,11.6,2018
TE,9.19,2018
TE,10.2,2018
TE,8.99,2018
WR,14.3,2018
TE,9.46,2018
TE,12.1,2018
QB,17.9,2018
RB,11.6,2018
QB,17.8,2018
WR,11.5,2018
TE,10.1,2018
QB,20.2,2018
QB,17.7,2018
QB,17.6,2018
QB,18.8,2018
QB,15,2018
QB,17.1,2018
QB,13.6,2018
QB,13.4,2018
QB,13.3,2018
QB,17.3,2018
QB,17.8,2018
QB,17.6,2018
QB,15.9,2018
QB,12.6,2018
QB,13.3,2018
QB,13,2018
QB,20.7,2018
QB,9.84,2018
QB,13,2018
QB,13.8,2018
QB,15.2,2018
RB,10.7,2018
RB,9.39,2018
RB,12.1,2018
QB,15.4,2018
RB,11.9,2018
RB,10.8,2018
RB,12.4,2018
WR,11.6,2018
WR,11.4,2018
WR,11.4,2018
WR,11.2,2018
WR,11.8,2018
QB,8.06,2018
RB,13.8,2018
WR,12.6,2018
RB,8.24,2018
WR,10.3,2018
WR,12.2,2018
RB,13.9,2018
WR,11.2,2018
WR,9.12,2018
WR,16.6,2018
WR,8.99,2018
RB,10,2018
RB,7.49,2018
WR,9.81,2018
WR,10.3,2018
RB,15.1,2018
WR,11.6,2018
RB,10.1,2018
WR,11.8,2018
WR,10.5,2018
WR,10.4,2018
WR,8.96,2018
WR,8.61,2018
WR,16.9,2018
RB,10.9,2018
WR,10.4,2018
WR,8.52,2018
RB,9.09,2018
WR,10.9,2018
RB,7.33,2018
WR,8.27,2018
RB,9.79,2018
RB,7.34,2018
RB,8.16,2018
RB,7.03,2018
RB,7.24,2018
WR,8.01,2018
RB,7.15,2018
WR,9.39,2018
QB,9.46,2018
WR,9.49,2018
RB,8.25,2018
TE,8.87,2018
WR,8.18,2018
TE,11.5,2018
WR,12.9,2018
WR,10.3,2018
WR,8.29,2018
WR,8.78,2018
WR,9.09,2018
RB,5.41,2018
RB,6.08,2018
WR,8.63,2018
TE,8.16,2018
WR,6.43,2018
RB,6.16,2018
RB,5.85,2018
QB,12.5,2018
QB,15.2,2018
WR,6.31,2018
WR,11.5,2018
WR,15.2,2018
TE,7.08,2018
TE,6.7,2018
WR,7.17,2018
WR,6.71,2018
WR,6.94,2018
WR,7.62,2018
WR,8.4,2018
WR,6.64,2018
WR,6.25,2018
RB,6.98,2018
WR,13.8,2018
WR,8.49,2018
RB,25.6,2017
RB,22.8,2017
RB,18.4,2017
RB,20,2017
RB,18,2017
WR,20.7,2017
WR,22.2,2017
QB,21.7,2017
RB,17.4,2017
RB,16.5,2017
TE,16.2,2017
WR,17.8,2017
TE,15.6,2017
RB,17.7,2017
WR,16.3,2017
WR,15.7,2017
WR,14.1,2017
RB,12.5,2017
RB,20.3,2017
RB,14.6,2017
TE,14.5,2017
WR,13.8,2017
QB,18.7,2017
RB,12.7,2017
WR,16.2,2017
QB,18.5,2017
WR,14.2,2017
WR,16.3,2017
QB,19.7,2017
WR,15,2017
WR,15.9,2017
RB,14.3,2017
WR,14,2017
WR,16.3,2017
TE,10.7,2017
RB,12.1,2017
WR,14.1,2017
WR,12.2,2017
TE,11.6,2017
QB,21.7,2017
WR,12.5,2017
WR,14.2,2017
QB,17.4,2017
RB,14.3,2017
WR,14,2017
RB,11.4,2017
WR,13.5,2017
WR,12.1,2017
WR,12.2,2017
RB,10.9,2017
TE,9.89,2017
TE,10.9,2017
QB,17.1,2017
RB,10.8,2017
RB,10.9,2017
QB,16.9,2017
RB,9.84,2017
RB,13.5,2017
RB,11.2,2017
TE,8.94,2017
WR,12.9,2017
WR,11,2017
QB,16.4,2017
TE,11.3,2017
WR,10.9,2017
WR,11.7,2017
QB,17.4,2017
QB,16.3,2017
RB,11.4,2017
WR,11.8,2017
WR,12.3,2017
WR,10.5,2017
TE,9.19,2017
TE,7.78,2017
QB,17,2017
QB,15.6,2017
QB,15.9,2017
QB,14.3,2017
QB,14.8,2017
QB,13.2,2017
QB,14,2017
QB,12.9,2017
QB,13.8,2017
QB,15.8,2017
QB,15.5,2017
QB,12.5,2017
QB,11.6,2017
QB,11.7,2017
QB,24.1,2017
QB,11.3,2017
QB,11.2,2017
QB,18.5,2017
RB,11.1,2017
QB,11.5,2017
RB,8.44,2017
QB,11.3,2017
RB,9.68,2017
RB,10.4,2017
RB,9.18,2017
RB,8.93,2017
RB,8.97,2017
RB,15.1,2017
RB,9.65,2017
WR,11,2017
RB,10.1,2017
WR,11.3,2017
RB,8.89,2017
RB,9.48,2017
RB,7.81,2017
WR,10.6,2017
WR,11.6,2017
WR,9.75,2017
WR,13.6,2017
WR,9.39,2017
WR,11.2,2017
QB,14.6,2017
RB,9.63,2017
RB,6.72,2017
RB,13,2017
RB,8.89,2017
WR,10.1,2017
RB,9.38,2017
WR,8.14,2017
WR,8.61,2017
WR,10.7,2017
WR,10.6,2017
WR,10.6,2017
WR,8.3,2017
QB,12.7,2017
WR,9.9,2017
WR,9.66,2017
QB,14.7,2017
RB,6.78,2017
WR,13.1,2017
WR,7.49,2017
WR,11.3,2017
WR,9.15,2017
RB,6.47,2017
WR,8.83,2017
RB,10,2017
RB,5.78,2017
TE,9.06,2017
RB,7.38,2017
WR,7.89,2017
RB,6.68,2017
TE,8.3,2017
TE,7.61,2017
TE,8.28,2017
WR,7.77,2017
WR,9.26,2017
RB,9.57,2017
WR,12.2,2017
TE,8.57,2017
TE,7.23,2017
QB,12.3,2017
WR,8.92,2017
WR,7.8,2017
WR,10,2017
RB,6.16,2017
WR,6.42,2017
RB,8.07,2017
TE,7.47,2017
RB,6.67,2017
RB,5.36,2017
RB,11.4,2017
TE,8.98,2017
RB,7.64,2017
WR,8.04,2017
QB,11.3,2017
RB,7.89,2017
WR,9.54,2017
WR,8.6,2017
RB,6.91,2017
WR,6.56,2017
WR,7.9,2017
RB,5.16,2017
WR,5.84,2017
QB,5.81,2017
RB,6.05,2017
TE,7.1,2017
RB,25.5,2016
RB,21.7,2016
QB,23.8,2016
RB,19.9,2016
RB,26.4,2016
RB,18.4,2016
RB,17.8,2016
RB,14.6,2016
QB,21.7,2016
WR,19,2016
WR,19,2016
WR,20.5,2016
RB,19.3,2016
QB,20.8,2016
WR,18.5,2016
RB,15.3,2016
RB,15.1,2016
WR,17.1,2016
RB,14.4,2016
WR,18.6,2016
TE,13.9,2016
QB,20.5,2016
WR,15.4,2016
WR,15.4,2016
QB,18.8,2016
TE,13,2016
RB,13.4,2016
TE,13.1,2016
RB,14.9,2016
WR,17,2016
TE,11.8,2016
TE,12.5,2016
WR,15.8,2016
WR,13.6,2016
RB,12.8,2016
RB,14.8,2016
TE,11.4,2016
QB,17.9,2016
TE,10.5,2016
RB,13.8,2016
WR,15,2016
RB,13.7,2016
RB,14.7,2016
WR,14.5,2016
WR,13.6,2016
WR,13.2,2016
QB,17.5,2016
RB,12.4,2016
RB,11.8,2016
TE,13.1,2016
RB,13.1,2016
TE,14,2016
WR,14.5,2016
WR,15.2,2016
QB,18.1,2016
WR,13.3,2016
WR,14.1,2016
QB,16.9,2016
QB,17.9,2016
WR,12.3,2016
TE,10.6,2016
QB,16.9,2016
WR,13.3,2016
TE,8.65,2016
WR,13.9,2016
WR,14.4,2016
WR,12.7,2016
WR,12.3,2016
WR,13.8,2016
RB,12.3,2016
WR,13.1,2016
RB,11.3,2016
QB,16.3,2016
QB,17.3,2016
QB,21.6,2016
QB,16.2,2016
QB,16,2016
QB,17,2016
QB,18,2016
QB,16.2,2016
QB,15.2,2016
QB,14,2016
QB,15,2016
QB,14.8,2016
QB,13.4,2016
QB,16.7,2016
QB,13.7,2016
QB,14.6,2016
QB,11.3,2016
RB,10.7,2016
QB,9.53,2016
RB,11.1,2016
WR,10.5,2016
WR,12.5,2016
WR,12.2,2016
WR,12,2016
WR,12.6,2016
WR,11.6,2016
RB,8.84,2016
WR,18.6,2016
WR,12.8,2016
WR,12.3,2016
WR,11.5,2016
RB,8.38,2016
WR,11.5,2016
WR,11.2,2016
RB,9.13,2016
WR,11.8,2016
WR,13.1,2016
WR,12.8,2016
RB,8.92,2016
WR,10.6,2016
QB,11.1,2016
RB,10.8,2016
WR,14.9,2016
RB,16.2,2016
WR,10.8,2016
WR,10.8,2016
WR,9.94,2016
RB,7.92,2016
WR,10.2,2016
RB,9.89,2016
WR,9.27,2016
RB,10.6,2016
RB,10.1,2016
RB,8.28,2016
RB,9.22,2016
WR,12.2,2016
WR,10.3,2016
WR,10.4,2016
RB,9.37,2016
WR,12.2,2016
RB,7.05,2016
WR,8.59,2016
RB,9.01,2016
WR,9.92,2016
WR,9.79,2016
WR,11.4,2016
RB,9.18,2016
RB,14.6,2016
TE,8.58,2016
RB,7.22,2016
TE,9.09,2016
WR,9.46,2016
RB,12.2,2016
TE,11.1,2016
WR,9.17,2016
WR,8.27,2016
TE,10.6,2016
TE,9.52,2016
RB,7.22,2016
RB,11.1,2016
WR,9.16,2016
WR,7.84,2016
RB,6.81,2016
TE,8.93,2016
QB,13.3,2016
TE,8.11,2016
TE,9.08,2016
WR,7.72,2016
WR,8.87,2016
RB,9.08,2016
WR,9.69,2016
QB,8.56,2016
TE,8.14,2016
RB,8.59,2016
RB,6.64,2016
WR,7.21,2016
WR,6.98,2016
WR,7.18,2016
QB,12.3,2016
TE,12,2016
WR,11.4,2016
RB,8.53,2016
TE,12.1,2016
RB,10.7,2016
QB,10.3,2016
WR,7.76,2016
TE,7.14,2016
RB,6.23,2016
WR,24.3,2015
RB,21.1,2015
WR,23.4,2015
RB,16.3,2015
QB,24.3,2015
WR,21.2,2015
WR,19,2015
WR,21.3,2015
TE,17,2015
WR,20.7,2015
RB,14.5,2015
TE,14.8,2015
TE,17.4,2015
RB,14.5,2015
RB,16,2015
WR,16.8,2015
TE,14.2,2015
TE,16.3,2015
RB,14.5,2015
WR,17.1,2015
QB,21.5,2015
RB,13.5,2015
QB,21,2015
TE,14.7,2015
RB,13.5,2015
RB,16.5,2015
WR,16.3,2015
WR,16.8,2015
WR,17.5,2015
WR,15.8,2015
RB,12.8,2015
RB,15.2,2015
WR,17.2,2015
RB,12.1,2015
WR,16.7,2015
WR,15,2015
QB,19.8,2015
RB,12.2,2015
RB,10.6,2015
WR,16.8,2015
RB,16.9,2015
TE,11.8,2015
WR,16.2,2015
TE,11.9,2015
QB,19.3,2015
RB,12.5,2015
RB,14.9,2015
WR,15,2015
QB,20.3,2015
WR,12.4,2015
WR,14.4,2015
WR,14.4,2015
QB,18.8,2015
RB,12.3,2015
WR,13.8,2015
WR,13.2,2015
TE,10,2015
RB,10.1,2015
WR,11.9,2015
WR,13.3,2015
RB,10.3,2015
WR,12.3,2015
QB,18.3,2015
WR,14,2015
RB,11.3,2015
TE,11.4,2015
RB,11.3,2015
TE,13.5,2015
QB,18.2,2015
QB,18,2015
TE,12.1,2015
WR,12.4,2015
WR,13.1,2015
RB,9.22,2015
QB,17.8,2015
QB,17.8,2015
QB,17.2,2015
QB,17,2015
QB,16.9,2015
QB,19.4,2015
QB,16.1,2015
QB,18.8,2015
QB,14.6,2015
QB,19,2015
QB,15.1,2015
QB,17.6,2015
QB,12.5,2015
QB,13.9,2015
QB,15.1,2015
QB,16.2,2015
QB,16.5,2015
QB,18.7,2015
QB,16.2,2015
WR,11.5,2015
RB,10.4,2015
WR,12.3,2015
WR,11.5,2015
RB,9.37,2015
WR,15.5,2015
RB,13,2015
RB,8.61,2015
RB,9.82,2015
WR,13.1,2015
RB,10.2,2015
QB,14.6,2015
RB,9.42,2015
WR,11.6,2015
WR,10.3,2015
WR,12.2,2015
RB,8.85,2015
RB,11.3,2015
WR,19.2,2015
QB,12.2,2015
WR,10.9,2015
WR,10.8,2015
RB,10.1,2015
WR,9.43,2015
WR,17.6,2015
RB,9.58,2015
RB,10.3,2015
WR,9.63,2015
RB,9.11,2015
WR,12.1,2015
RB,9.75,2015
WR,9.22,2015
RB,11.2,2015
RB,9.9,2015
RB,6.98,2015
WR,11.5,2015
QB,8.74,2015
WR,20.2,2015
RB,8.8,2015
QB,10.6,2015
RB,7.31,2015
WR,7.83,2015
RB,8,2015
RB,12.2,2015
QB,11.4,2015
QB,9.14,2015
WR,9.77,2015
RB,12.3,2015
RB,18.5,2015
RB,6.04,2015
TE,10.3,2015
WR,7.63,2015
WR,18.7,2015
RB,8.13,2015
TE,9.34,2015
RB,17.2,2015
WR,10.6,2015
RB,8.76,2015
WR,7.06,2015
WR,8.22,2015
RB,20.2,2015
WR,7,2015
TE,8.03,2015
WR,7.52,2015
RB,7.53,2015
WR,9.31,2015
TE,10.1,2015
WR,8.35,2015
WR,6.64,2015
RB,7.74,2015
WR,11.6,2015
RB,10.8,2015
WR,10.7,2015
WR,7.21,2015
TE,7.19,2015
WR,7.39,2015
TE,11,2015
WR,6.81,2015
TE,8.71,2015
TE,9.37,2015
WR,8.3,2015
QB,8.86,2015
WR,8.44,2015
TE,7.23,2015
RB,11.6,2015
RB,11.8,2015
TE,7.69,2015